User_ID,Account_ID,Name,Loyalty_Program,State_Code,Country_Code,LifeTime_Value,Age
17359,1433,Jacquenette,2,,PL,144663.08108108107,37
35919,1389,Trisha,1,SBH,MY,13818.315789473683,38
39440,1081,Dalton,2,,ZA,4606.7450980392159,51
5132,1253,Theresina,1,,CZ,142.91891891891891,37
26716,1133,Phelia,1,,CN,219690.66666666666,45
40751,1165,Ilyssa,2,,ID,105.73584905660377,53
37142,1054,Jake,2,,ID,14304.782608695652,46
30191,1458,Henka,1,13,PT,340500.0,28
22431,1510,Brew,2,,RU,222036.40909090912,44
41996,1499,Licha,2,,ID,121.7560975609756,41
30587,1540,Willi,2,,CZ,340500.0,31
42599,1809,Curcio,2,,BW,47.1219512195122,41
9242,940,Hadlee,1,,CO,670.63414634146352,41
16908,1592,Erick,3,,CN,44698.674418604649,43
22930,1156,Brigitte,1,,PH,428112.43243243243,37
34857,1153,Mischa,1,,JP,340800.0,27
19399,1587,Ricky,1,,MK,91532.266666666663,45
41089,1324,Corrianne,2,,ID,2392.8947368421054,38
10131,893,Harley,2,,RU,1120.0,43
26669,1227,Wilone,1,,CN,391892.29268292687,41
18255,1339,Caitlin,2,,CR,137338.60465116281,43
23727,1559,Lusa,1,,FI,231548.07692307694,39
35838,2303,Mar,2,,UA,48292.682926829271,41
13430,766,Fulvia,2,8,PT,15459.804878048781,41
29788,914,Marline,1,,PL,333553.94871794869,39
9879,902,Trev,1,,PL,339400.0,28
25416,1572,Florie,1,,PL,179632.8,45
20726,1773,Tiena,0,,KZ,305414.23255813948,43
38421,1398,Curry,1,,SY,2204.5609756097565,41
32970,2098,Gunther,2,,CN,60830.260869565223,46
15537,1539,Zandra,3,1,PT,29274.0,38
9813,1448,Artemus,2,C,SE,204.10256410256412,39
9780,872,Kirby,2,,PH,347.48780487804879,41
38528,1069,Engracia,2,,ID,339700.0,28
16705,1297,Jaye,1,,ID,340000.0,34
31901,717,Ashlan,2,,LU,85731.906976744183,43
23902,1821,Stephanie,2,,PH,469673.50943396229,53
41437,1767,Nicolis,1,,RU,78.199999999999989,45
22705,1272,Gabey,1,,CN,175253.75,48
24144,1142,Joell,1,,ID,491558.94736842107,38
14899,351,Justinian,2,AN,ES,16158.638297872341,47
11492,1112,Kermy,2,,PL,340000.0,32
18875,1648,Ellie,2,,RU,191956.17391304349,46
38145,1195,Merrel,2,NY,US,9958.0,39
35614,931,Renaud,2,,ID,2304.1836734693879,49
22094,1902,Matilda,2,,EC,418679.11111111112,45
28703,1102,Solomon,2,,CN,367533.63636363635,44
43477,1143,Clemence,1,,TJ,48.418604651162795,43
11265,619,Issy,2,,CN,7242.0,38
32126,2025,Alysa,1,,CN,88897.3404255319,47
11427,1607,Izaak,2,15,PT,339200.0,34
14373,927,Monah,2,,CN,339300.0,23
15571,1415,Verine,2,,CN,22699.259259259263,54
10513,1549,Lombard,1,,CN,7174.6341463414637,41
15577,1607,Leisha,1,,PL,41338.0,40
25356,1473,Tanya,2,,BR,200.0,32
41577,1222,Dacey,2,B8,FR,427.70731707317071,41
40143,1188,Shari,2,,ID,964.425,40
20184,1087,Eudora,2,,CN,232722.29787234042,
34055,1406,Alexa,2,,EG,340900.0,26
40857,1175,Alick,2,,BO,2554.0540540540542,37
28248,1338,Erica,2,,ID,368389.20930232556,43
22437,1112,Caressa,2,,IL,249175.04081632657,49
32707,1834,Em,1,,CN,88517.045454545456,44
25137,721,Vern,1,,PL,365812.39024390245,41
39454,1460,Ellynn,2,,PH,4149.0731707317073,41
34307,1498,Gian,2,,AZ,65999.263157894733,38
9823,1448,Olvan,1,,PE,405.77777777777777,45
13383,1266,Yule,1,,PE,340800.0,35
35314,983,Gerry,1,,CN,34569.473684210527,38
9409,1282,Thomasine,2,,TH,339200.0,36
36120,875,Darcee,1,,CN,30872.727272727276,44
24166,915,Mandie,2,,PL,322688.72727272729,44
19827,1307,Shea,1,18,PT,157266.52173913043,46
8038,1546,Dan,0,,UA,775.42105263157907,38
27567,1588,Kally,1,LM,IT,409703.4418604651,43
28023,1535,Selina,1,,CN,316040.4,40
12847,702,Kaitlynn,2,,IR,339500.0,31
17890,1203,Jaquelyn,2,,CN,177646.93333333332,45
16014,1268,Thorsten,2,,AR,79166.083333333328,48
29829,962,Bethina,2,,CN,162600.75,44
25990,1103,Jeralee,0,,ID,375550.19999999995,40
13105,1101,Linn,1,,CN,9804.176470588236,51
26220,1332,Willyt,1,,ID,492554.93877551018,49
8585,2030,Ruthie,2,,ID,339500.0,33
41332,1074,Bertram,1,,CN,205.20000000000002,50
9762,1652,Lottie,1,,ID,141.29999999999998,40
36624,1380,Kym,1,16,PT,8475.7021276595751,47
25016,1580,Erinna,2,,ID,330210.4,45
44059,1227,Kris,1,,ID,353.125,48
35264,849,Gan,1,KTN,MY,28116.765957446813,47
38219,1019,Fionnula,2,,ID,12220.0,46
11497,656,Maximilien,2,,CO,139.25581395348837,43
38844,1298,Karla,2,,CN,196.2162162162162,37
39543,1152,Nerte,2,,NZ,2448.9473684210525,38
15713,973,Anatollo,2,,BR,49390.534883720931,43
8569,2080,Brennen,1,AB,SE,910.0,40
19174,1211,Lionello,2,,CN,426346.10526315792,38
16012,1185,Darice,1,,CZ,340400.0,36
22507,1344,Mattie,1,,AS,468924.0,46
17450,1034,Shelia,2,,RU,120340.42553191489,47
9572,1651,Gregor,1,LU,CH,2340.0,42
29417,1130,Hort,1,,CN,235744.65116279069,43
32518,1073,Phyllida,2,,ID,113085.81818181818,55
28685,1710,Therese,1,,RU,318199.28571428568,49
24630,995,Aimee,2,CO,US,234905.02325581398,43
31955,1491,Goldina,1,,RU,154833.86046511628,43
22328,496,Agace,2,,RU,333284.39999999997,40
35878,1164,Catharina,2,11,PT,340300.0,28
42982,1139,Christopher,1,AC,SE,280.71428571428572,42
35862,1194,Brinna,3,,CN,25672.615384615383,39
28516,2084,Adriano,1,,ID,428594.86956521741,46
31152,1862,Amelie,1,GA,US,157795.0,44
34973,1167,Xenos,2,,KZ,340900.0,36
7143,1294,Josh,2,,CN,339400.0,36
32955,1599,Amberly,1,,ID,340000.0,36
35934,1426,Emelyne,2,,YE,10689.599999999999,40
22766,1320,Killie,1,,CZ,266250.61224489793,49
20480,1244,Lesley,3,,CN,537014.09523809527,42
20666,1181,Bradley,1,,CN,146085.17647058822,51
42914,946,Rebeka,2,,CN,103.13513513513513,37
23769,1204,Kevin,2,,CN,400.0,35
25949,1389,Mischa,1,,ID,330096.75,40
21195,925,Feliks,2,,ID,227288.20512820513,39
33241,1494,Dru,2,A8,FR,74906.526315789466,38
22223,1553,Gamaliel,1,,CN,340200.0,34
17456,1402,Luelle,2,A8,FR,154459.31707317074,41
23044,1013,Serene,2,,HN,400.0,36
45969,1498,Noel,1,,CN,144.76190476190476,42
25613,1146,Babara,1,,CN,468615.0,40
20531,1567,Chiarra,2,,PH,0.0,34
33344,1071,Tod,1,,MC,55642.826086956513,46
25759,1425,Ronna,2,,PH,524949.7142857142,42
32185,1520,Shandee,1,,MT,131401.72499999998,40
15703,1601,Kaleena,2,,CN,29228.6511627907,43
37193,1198,Dean,1,14,PT,8421.6315789473683,38
2790,1643,Giffie,2,,TN,106.72727272727273,44
26247,1057,Alecia,1,,CN,131382.39130434784,46
25921,1566,Joletta,2,,CN,800.0,28
23833,1222,Kort,1,,DO,900.0,36
20129,976,Klement,2,QC,CA,228910.13953488372,43
42205,1055,Gui,1,,ER,114.0952380952381,42
33899,1513,Hewett,1,,CN,25191.529411764703,51
34820,1721,Locke,2,,CN,62564.285714285717,42
6744,1295,Hyacinthie,1,,PE,339100.0,31
41660,1032,Elia,1,,CN,68.714285714285722,42
30753,1108,Loria,2,,UA,147636.21052631579,57
15627,1487,Errick,1,,ID,34827.692307692312,52
30688,1487,Burke,2,,ID,204671.25,48
23125,1812,Chantalle,2,,UA,362731.5,40
9735,1084,Wallis,1,,CN,135.61904761904762,42
26013,1527,Robert,2,,RU,370307.74468085106,47
18119,1927,Dania,2,AC,SE,117401.40000000001,40
33162,982,Dewie,0,,AR,36610.442307692312,52
30052,1124,Hilda,1,,CN,423553.68888888892,45
11691,1714,Annetta,2,,ID,1913.54347826087,46
36327,1509,Janeen,2,,YE,38782.833333333328,48
47156,1048,Gian,1,,BR,103.82978723404256,47
7606,832,Conny,2,,CN,185.83333333333331,48
32473,1533,Lark,1,,HN,340500.0,35
38798,1361,Domingo,1,,CR,11769.047619047618,42
10078,1396,Jaynell,1,,UG,339900.0,33
15341,1310,Brander,2,,RS,25466.264150943396,53
20540,1308,Aliza,1,,RU,340700.0,34
37092,1715,Pepita,1,A3,FR,7251.0,48
39634,1191,Teirtza,1,,ID,339600.0,34
19281,908,Keslie,2,,ID,199127.03999999998,50
19109,1508,Jon,1,,CZ,216685.88235294117,51
45768,2053,Shoshana,1,,RU,340000.0,34
19150,933,Nolie,1,,RU,340900.0,35
31525,1313,Selie,1,,TN,98769.0,44
21802,1400,Darryl,2,,UA,328545.36,50
14024,1546,Tymothy,1,,CN,339500.0,31
39014,1282,Winnie,1,,CN,925.6521739130435,46
27976,756,Renato,2,,BR,230797.125,48
24180,1379,Wallie,2,,IE,454220.10810810816,37
16345,1273,Danella,1,,BR,55245.874999999993,48
20348,819,Lolita,2,,PK,223990.53061224488,49
4641,1278,Wynn,2,,ID,157.2,50
30763,1302,Jenilee,1,,ID,340800.0,36
27574,1403,Gaylor,1,,GR,489852.97297297296,37
23322,1453,Ax,1,,VN,560966.63414634147,41
20408,1183,Charmaine,2,A8,FR,600.0,35
21814,1207,Paco,1,,TH,340800.0,33
27388,1647,Eliot,2,,CN,600.0,35
34418,1212,Carolee,1,,TH,36913.882352941175,51
10924,1530,Gwenny,1,K,SE,339800.0,30
41609,1445,Annora,3,ON,CA,2593.090909090909,44
11375,1018,Arluene,3,,BR,339200.0,
7174,799,Annemarie,1,,VN,179.68421052631578,38
16324,1242,Ardella,1,,CI,69822.0,40
14484,1347,Lou,2,,LK,7412.4878048780492,41
34361,1700,Eamon,1,,ID,340500.0,35
13540,1404,Hastie,2,AB,SE,339500.0,32
19323,1156,Dulciana,1,,UA,96370.4,45
34273,1193,Jordan,2,,ID,16243.255813953489,43
13155,1518,Madlin,1,,TD,10658.823529411766,51
15478,1370,Eloise,1,,EG,340100.0,36
35905,1450,Sibelle,2,A9,FR,339700.0,34
26591,1192,Smith,1,,RS,237469.6153846154,52
23649,1528,Wylie,1,B8,FR,365668.84615384619,52
6140,1269,Carole,2,,CN,120.42553191489361,47
17601,1365,Rosalyn,1,,CO,77059.945945945947,37
33699,966,Fiann,1,,RU,22490.553191489358,47
38702,892,Golda,1,,GU,4594.7999999999993,45
37628,970,Sherry,1,,CZ,3966.4390243902444,41
26744,1892,Mildrid,1,,IE,800.0,27
12716,1477,Elspeth,1,,CN,13286.08695652174,46
16516,1210,Nicky,2,,ID,37613.333333333328,42
16460,1468,Saraann,2,,RU,340500.0,35
5710,1232,Flint,2,,ID,62.400000000000006,40
21799,964,Lesley,1,,BR,272771.72093023255,43
40149,1334,Matthiew,1,Y,SE,534.73684210526312,38
4443,1283,Darya,1,,CN,95.441860465116278,43
13482,795,Garv,1,,MK,35333.368421052633,38
37228,1134,Kit,2,,ID,16052.5,42
41003,1311,Johan,1,,AR,70.956521739130437,46
36827,969,Caspar,1,,MV,14645.75,40
3999,1037,Ariana,1,M,SE,168.30769230769232,39
17731,1295,Milt,1,,YE,146535.65217391305,46
21184,1033,Meredith,2,,CN,229914.0,43
34077,1253,Aura,2,,BR,340200.0,34
8664,955,Gerrie,2,,ID,339100.0,36
31129,854,Malena,0,,CN,340100.0,34
8127,1045,Pia,2,,CY,2736.0,43
37164,1721,Rhianon,0,,PK,339400.0,34
16610,1302,Ariela,1,,IL,81834.909090909088,44
17337,1181,Baxie,1,,BR,82469.268292682915,41
15444,1335,Michell,1,B6,FR,35880.0,50
22131,1369,Bronny,2,,ET,574493.175,40
3944,1266,Rhodie,1,,CN,250.81632653061223,49
8726,1278,Ranice,1,,RU,701.953488372093,43
32400,1430,Gav,1,COA,MX,96942.0,41
39866,665,Lenard,1,,CN,465.90909090909093,44
12334,1166,Vincenty,2,42,PT,10946.60465116279,43
3735,994,Tatiania,2,,LY,183.46153846153845,39
37396,1100,Alfredo,2,,UA,0.0,43
15165,1278,Florette,1,,GR,42550.540540540547,37
16038,1276,Bartholemy,2,3,PT,56280.0,45
13076,1283,Rozina,2,,CN,9367.0,45
15782,1038,Karoly,1,,PH,61779.739130434777,46
23762,1262,Fernandina,2,A8,FR,415814.3,40
23598,1197,Clementius,1,,PH,492944.5581395349,43
10980,1775,Betteann,2,,ID,3480.0,48
8364,1246,Kort,1,,ID,339600.0,27
3280,1490,Isobel,1,,ID,157.25,48
25417,875,Antony,1,,VN,542259.56756756757,37
31548,1520,Charil,1,,CN,107344.8409090909,44
38665,1075,Killian,2,,PE,975.38461538461547,39
38850,1443,Basile,1,,HN,339900.0,34
39302,1372,Stanton,2,,RS,339400.0,34
42226,1446,Doroteya,2,,CN,44.53846153846154,39
15518,1163,Duke,2,,BR,41997.176470588231,51
17398,1561,Nealon,2,,PH,340400.0,36
32451,1806,Deeann,1,,RU,340900.0,35
33529,1334,Peg,1,,ID,62085.818181818184,44
11669,1130,Eleonore,2,,ID,339700.0,30
10614,1753,Shep,2,16,NL,339700.0,34
43151,1452,Larissa,1,,UA,339600.0,30
22583,1542,Melitta,1,,PH,700.0,34
7461,1111,Vere,2,,CN,99.214285714285708,42
12435,1487,Skip,1,,PH,340400.0,31
20837,1468,Shena,2,,MK,246169.53846153847,39
13758,1898,Micky,3,,VE,12559.659574468085,47
42377,1591,Lorrin,1,,ID,98.25,40
12204,1042,Barbette,1,,RU,339300.0,35
16465,1434,Matt,1,,CN,50406.524999999994,40
44755,1098,Ham,1,,CN,59.222222222222221,54
6504,1484,Carlita,0,,AG,124.21052631578948,38
13762,576,Estrellita,2,,ID,10771.024390243903,41
32287,1281,Morna,1,,ID,94542.857142857159,42
12485,1404,Molli,1,,AZ,13101.789473684214,38
20433,103,Wolfy,1,AB,CA,180679.90243902442,41
15928,1153,Xenos,2,,PS,14377.78125,64
11093,1412,Rollins,1,,RU,7436.5714285714294,42
17962,1713,Cthrine,1,,ID,176719.07692307691,39
33290,1315,Eddy,2,,CN,110006.15384615384,39
8042,1068,Lurette,2,,PL,339800.0,33
3225,1422,Fleur,2,AB,CA,82.923076923076934,39
35765,1345,Clementina,1,M,SE,19556.972972972973,37
18459,1734,Giraldo,2,,CN,340400.0,35
34094,1652,Cacilie,1,A8,FR,52466.526315789466,38
36014,937,Berkie,1,,RU,17943.333333333332,42
13345,1428,Allina,1,,UY,26377.276595744679,47
43315,1141,Arly,1,,CO,82.6,40
14274,1271,Sukey,1,,BW,44853.3023255814,43
39187,1093,Berne,2,,ID,339500.0,36
41103,1203,Roby,2,,CN,391.07142857142856,42
20221,1378,Maressa,2,,EG,191044.53658536586,41
27617,1260,Wesley,2,,BR,500.0,36
17852,1276,Erie,1,,CN,104463.68421052631,57
29261,1783,Saul,1,,CZ,368553.76744186046,43
21453,1221,Loralyn,2,,CN,376644.09090909088,44
29244,1669,Jerrylee,2,,PE,340300.0,36
7866,932,Sissie,2,,PH,358.15384615384619,39
16224,1390,Kim,1,,IE,340200.0,33
42012,1558,Fifi,2,,CN,339200.0,35
23491,923,Darlene,2,,ID,624238.15384615387,39
33339,1313,Feliks,3,,AM,115952.57142857142,49
11971,778,Janel,2,,ID,2902.090909090909,44
38469,844,Renae,2,,ID,6037.5,38
28998,1258,Jessey,2,,UA,154965.44,50
19650,1559,Chere,1,,RS,146354.63414634147,41
19459,1160,Godfry,2,,BR,340400.0,30
6712,1589,Carlita,1,6,PT,157.14285714285714,42
23952,1169,Ricca,2,,PL,381459.75999999995,50
34688,1451,Melanie,1,,CN,51199.6,45
23472,563,Miltie,2,,RU,524617.89473684214,38
38553,896,Penni,2,,CO,8911.3043478260861,46
24447,879,Shalom,2,,XK,423273.60000000003,40
26688,1035,Adolphus,2,,CN,322621.18421052629,38
33397,1595,Brnaby,2,18,PT,340100.0,36
16117,1363,Barby,1,,PL,340900.0,31
24084,1449,Laurie,1,W,SE,411428.19512195128,41
43325,1176,Reinwald,2,,PL,346.02272727272725,44
34432,1592,Tabb,2,,RU,39874.097560975613,41
29680,1346,Elsworth,1,A2,FR,297444.0,41
42777,922,Jorey,2,,IL,188.66666666666669,45
35716,1033,Addie,0,,BR,48629.714285714283,42
42801,1866,Theo,2,,UG,88.975609756097555,41
5263,1325,Ally,2,,CN,38.232558139534881,43
19216,914,Herman,2,,CN,340200.0,29
28061,933,Durward,2,,LT,500.0,34
37322,1417,Hagan,1,,ZA,339900.0,35
12556,1858,Davine,1,B3,FR,4626.695652173913,46
27523,1357,Sandye,1,,ID,400.0,33
8671,1350,Brandice,1,,CN,207.06976744186045,43
32241,608,Eziechiele,1,,RU,340800.0,28
25848,1143,Malynda,2,,PL,297724.57142857142,49
18394,1402,Ashton,0,,ID,119091.65217391304,46
29430,1048,Maurise,1,,PS,360245.75675675675,37
35960,1407,Riobard,2,,ID,340600.0,33
5873,976,Maurizia,1,10,PT,42.048780487804876,41
34321,732,Zane,1,FL,US,30649.813953488374,43
36025,1345,Pattie,2,TX,US,26547.906976744183,43
6967,840,Roxanne,1,,ID,330.0,39
34799,1448,Tandi,1,,DO,38737.695652173912,46
38401,1102,Sutherlan,1,,CN,5766.7368421052633,38
34750,1311,Kandace,2,,MA,6791.5384615384619,39
18086,1479,Pierce,2,,ID,127523.72093023255,43
38468,1660,Clayton,2,,AR,252.81250000000003,48
25426,1953,Dulci,1,,PL,453719.81395348837,43
14277,1365,Milly,2,,BR,27723.0,47
29935,893,Lari,2,,BF,700.0,34
42314,1787,Darbie,1,AB,SE,63.288888888888891,45
27987,1394,Jeanelle,1,,CN,339755.19999999995,40
15351,1489,Katalin,2,,CN,340900.0,36
17192,1265,Gwenny,2,,CN,111368.29787234042,47
29168,1202,Colline,1,,CO,474406.57894736843,38
43372,1098,Lon,2,6,PT,1175.8139534883721,43
24973,1271,Sena,0,,CN,0.0,36
29497,2244,Obed,1,,AR,340000.0,31
17099,1463,Sydney,2,SBH,MY,38813.282608695656,46
20102,1313,Monte,2,,ID,213890.40000000002,40
7928,828,Georgie,1,,CZ,377.36842105263156,38
15844,1037,Ofella,1,,IE,21513.68181818182,44
33519,1184,Sawyer,2,,RU,340600.0,27
33418,1132,Heidie,1,,PE,125900.53846153845,
31532,1443,Abie,2,,ID,70830.947368421068,38
23711,1504,Sandy,1,,CD,354509.18918918917,37
17725,1586,Rriocard,3,,SI,121701.06818181818,44
24626,1179,Alfy,1,,GL,379167.30434782611,46
32789,1499,Chadd,2,,PS,93783.857142857145,56
21484,1673,Milo,1,,CN,230483.07692307694,39
17122,1052,Shannon,2,,CN,122414.76923076923,39
7720,1308,Kris,2,,TH,841.71428571428567,42
28097,1469,Jerri,2,B6,FR,505694.0,52
12907,768,Jeffie,0,,CG,14432.0,39
42104,1432,Raphael,2,,PH,243.11320754716979,53
12725,1644,Corie,1,,CN,11801.636363636364,44
39121,1115,Tallulah,1,,JM,3855.1578947368416,38
36510,1233,Vikki,2,,TH,14537.487804878048,41
23719,1033,Mariam,1,,RU,257147.51020408163,49
23857,1250,Brooks,2,O,SE,340100.0,33
19911,931,Bjorn,2,,PH,158224.4,45
14069,663,Nikolas,2,IL,US,5970.0,42
37642,1032,Tabbatha,1,,CN,9287.6666666666679,48
46123,1545,Archambault,1,,RS,122.2,45
17031,1460,Branden,1,,TH,91423.44,50
13079,1283,Latrena,1,,EG,17695.674418604649,43
6326,1219,Dex,2,,PL,90.957446808510639,47
22596,1525,Ailis,2,,ID,441035.59090909094,44
33692,1044,Alphonse,1,,CO,133183.13513513515,37
13480,1369,Lyn,2,,RU,17323.659574468085,47
35659,1329,Filide,1,,VN,49637.28,50
8292,645,Leonelle,0,,CN,97.674418604651166,43
13625,1373,Ashlie,2,,UA,340000.0,34
25342,1131,Cos,1,,PL,290686.43137254904,51
15576,1000,Marchelle,1,6,NL,49600.0,39
15001,1404,Isabeau,1,,BR,13497.12,50
29755,1172,Ricky,2,,CN,242458.99999999997,42
24980,679,Kessiah,1,,CN,258931.3125,48
39503,1314,Ravi,2,,CN,339100.0,29
15383,1056,Janina,2,FL,US,43088.0,52
36552,1148,Susette,1,,CN,23579.48717948718,39
7007,1071,Claiborne,1,,ID,339200.0,36
8482,850,Steffen,2,,CN,236.93023255813955,43
25906,1384,Tyrus,1,,ID,531382.6,40
20556,1318,Karie,2,A8,FR,224786.88,50
43120,1127,Jeffy,2,,BD,56.25,40
9345,1353,Terrence,1,98,FR,591.73333333333335,45
40694,742,Arlen,1,,CN,557.05263157894728,38
29778,1607,Gaye,1,,BR,331575.73913043481,46
28226,1449,Rachael,1,,ID,300.0,29
25801,1133,Heidi,2,,CU,488733.27272727276,44
22365,1271,Benetta,2,,LY,213963.75,48
28418,1060,Ulysses,2,,PE,340200.0,33
47264,1124,Alisa,0,5,PT,85.050000000000011,40
30148,1346,Terry,1,,PH,900.0,30
28143,1100,Caressa,1,TX,US,371583.0,40
30748,1118,Jeni,1,VLG,BE,121756.41509433962,53
27306,875,Tuesday,2,,UA,215643.06382978725,47
27083,1515,Belia,2,45,PT,574532.18181818188,44
25851,1312,Adda,2,,PL,289081.7872340426,47
27862,1452,Charlton,2,TAM,MX,261105.85714285713,42
36321,1614,Sidoney,1,,CN,31992.380952380954,42
16037,1007,Archie,3,,CN,56119.5,40
42769,1356,Nariko,2,,BR,717.69230769230762,52
27343,1181,Giacomo,2,,GT,340200.0,32
26887,1827,Kenny,2,3,PT,505438.16216216213,37
35427,752,Morganne,1,,RU,340300.0,33
25482,1317,Arnoldo,2,,CU,472705.57894736843,38
11421,1242,Gilda,2,,PH,3056.2162162162163,37
20174,1132,Gretal,1,,ID,107784.23684210525,38
21307,1188,Newton,1,CO,US,245477.79069767441,43
8281,940,Jessie,1,12,PT,186.25,48
45716,1109,Gussy,2,,ID,78.976744186046517,43
17945,1544,Ira,2,,CZ,108248.0,37
23556,1223,Vincents,2,,GT,434420.00000000006,45
41523,1151,Halley,2,,PE,339100.0,35
24328,1339,Briano,2,,ID,554266.81081081077,37
24774,1140,Gwynne,3,,BG,326242.1886792453,53
24779,1060,Christabella,2,10,NO,553047.659574468,47
19122,1028,Yalonda,1,TAM,MX,165231.94736842107,38
45514,1419,Felice,2,,CZ,402.66666666666669,42
44203,1768,Sonya,2,,CN,339200.0,36
38993,722,Cally,2,,PL,1819.0243902439024,41
40806,1160,Percival,2,,GR,1452.7659574468087,47
39566,1020,Christi,2,,ID,1801.6326530612243,49
40207,1335,Moss,1,,CM,465.42857142857144,49
13683,1158,Morgana,1,,CN,19732.075471698114,53
43718,985,Coleman,1,,CN,115.42857142857143,42
13708,1003,Morganne,2,,CN,29263.649999999998,40
12581,901,Jodie,2,1084,DK,13654.636363636364,44
45854,1303,Rafaelia,1,,AR,347.43243243243239,37
34876,1320,Garik,2,,ID,17774.222222222223,45
34621,1178,Vidovik,1,,ID,52858.285714285717,42
27032,920,Bertie,2,,LR,340200.0,34
20148,1007,Natasha,2,,CL,204525.55102040817,49
13815,1457,Maura,1,,ID,339400.0,30
33369,390,Edgard,2,M,SE,115689.6,45
16019,1491,Hortensia,2,,CN,340800.0,36
14619,862,Ricca,2,,CZ,7423.1372549019607,51
29683,1152,Arlen,2,,CN,360265.33333333331,42
9370,1065,Jenifer,2,,PY,141.33333333333334,45
25333,1246,Dexter,1,,CO,335208.0,42
10365,1121,Adelaida,2,,BR,290.84210526315792,38
8580,1418,Mahmud,1,13,PT,922.17391304347814,46
41362,1046,Dehlia,3,,AR,182.2340425531915,47
23091,1211,Marv,2,,MK,497448.33333333331,48
9495,1276,Nichole,1,10,PT,57.789473684210527,38
5774,1542,Micheline,2,LA,US,45.263157894736842,38
36913,1229,Dex,2,,CN,12656.410256410258,39
17458,1400,Lissi,1,,CN,340400.0,34
11954,979,Avictor,1,,RU,339500.0,31
16108,1644,Dorene,2,,ID,340500.0,36
7831,1093,Rafaelita,1,,LT,110.75510204081633,49
6972,1307,Nealson,2,,TH,641.95121951219517,41
42503,1102,Jeramie,1,,UA,569.30232558139539,43
30749,1981,Karney,2,,ID,340300.0,34
37896,1453,Herculie,1,,CN,19020.0,38
23257,1707,Reinhard,1,,GR,700.0,36
18212,820,Jorry,2,,LU,108908.76315789475,38
33304,1034,Cullan,1,,AM,46224.347826086952,46
32778,1405,Ludovika,1,,PH,104430.13953488371,43
41520,1180,Scotti,2,,ID,109.36170212765957,47
37817,943,Kippie,1,FL,US,10998.039215686274,51
13738,1039,Marlow,2,AB,SE,13406.727272727274,44
20477,561,Paulo,1,,UY,393733.5384615385,39
31930,1373,Rafaelita,1,,JO,340400.0,35
15887,1289,Devin,2,,RS,37055.135135135133,37
3755,1830,Lisha,1,,RU,339200.0,29
10817,1195,Pierce,2,,AL,1545.0,48
23974,1471,Torr,0,,ID,0.0,36
28070,1624,Gabrila,1,,PH,299944.86486486485,37
29410,1312,Hilarius,2,3,NO,367150.73684210528,38
37417,1283,Leigh,1,,UA,20810.571428571428,42
35962,1082,Catherin,2,,BR,20194.054054054053,37
24681,1475,Kendall,2,O,SE,200.0,31
20999,1058,Chris,2,,VE,244659.77777777781,36
18214,1244,Jacquenetta,2,,ID,104386.65,40
33607,1454,Mayer,2,,CN,71531.024390243911,41
34162,922,Cymbre,1,,RU,85399.459459459467,37
19605,1177,Danell,1,,ZW,180197.36842105264,38
11134,1130,Dael,1,,PH,339800.0,36
12981,954,Bianca,1,,CN,339700.0,33
20048,1724,Garrett,1,,PH,211709.25,40
20528,1768,Inna,1,,JP,190676.57142857142,49
38658,1290,Phaedra,1,,CM,2589.7200000000003,50
42431,567,Jamie,2,,BZ,161.07142857142856,42
31516,1388,Almira,2,,CN,161571.82222222222,45
25051,766,Guss,2,,UG,259689.38297872341,47
23218,1963,Jobyna,2,,ID,340700.0,36
21068,920,Elvis,3,,CZ,237900.26666666666,45
30082,908,Romain,1,,ID,195997.02325581395,43
39526,745,Dalia,2,,CN,5040.0,42
14720,1243,Eden,1,,FM,19573.57894736842,38
18198,1140,Markus,2,,ID,133071.42857142858,42
28890,1154,Rivy,2,,HN,336095.4736842105,38
30417,617,Abdel,1,,KZ,268446.947368421,38
30356,1042,Heda,2,,MW,340400.0,34
39718,950,Phineas,1,,BR,339300.0,34
13347,1119,Reinold,2,,CN,340700.0,34
14403,1282,Joletta,2,,PF,13325.538461538461,52
36351,1514,Farica,1,,BR,339400.0,29
19217,1020,Leighton,1,,CN,340300.0,35
8480,1194,Albertine,2,,XK,339500.0,34
33950,1147,Morna,2,,CN,340300.0,30
33605,987,Humfried,2,,RU,340300.0,31
42994,1030,Cass,2,,CR,184.36363636363637,
4069,1658,Lina,2,,CN,339600.0,36
9910,1134,Shirlene,1,,UA,2254.7368421052633,57
33055,1432,Moina,2,,ID,60563.297872340423,47
27112,1659,Aila,2,,CO,525577.84615384613,39
17555,659,Steffie,1,,GR,69910.755555555559,45
42648,772,Renato,2,,CN,73.729729729729726,37
22605,1776,Darin,2,,CZ,378621.15789473685,38
6555,981,Mildred,1,,RU,118.82926829268293,41
31298,655,Muffin,0,B9,FR,244336.54054054056,37
40074,1109,Adella,1,,AZ,79.0,50
26538,1098,Noach,1,,ME,399382.05128205125,39
36505,1594,Murdoch,1,,IQ,340100.0,35
24027,1390,Thatcher,2,,TH,436776.38095238095,42
7713,1111,Codee,2,,CN,205.953488372093,43
12773,1199,Ola,1,,BR,9849.9767441860458,43
33362,934,Francesca,2,,CZ,71352.558139534885,43
22436,1665,Joby,1,QC,CA,599675.58974358975,39
40063,1719,Sheryl,1,,CN,101.17647058823529,51
35743,1391,Enriqueta,1,,CN,340000.0,33
30603,980,Carita,1,,CO,340400.0,36
9776,1027,Georgi,2,,PS,69.019607843137251,51
23582,909,Ted,2,,PH,266252.78571428568,56
5234,1146,Erinna,1,,PH,548.75675675675677,37
13691,1199,Sarene,2,18,PT,17143.836734693879,49
11317,1279,Joela,1,,RU,2194.7619047619046,42
28044,1061,Edithe,1,,KE,338924.36363636365,44
25999,1817,Terri,1,,IE,322547.59183673467,49
29316,1140,Sabrina,2,AB,CA,321276.0,44
27497,1327,Fair,2,,MT,251150.26086956522,46
43264,1825,Kellyann,1,,VE,339800.0,31
21699,1681,Jacquie,1,,ET,198630.90000000002,40
28587,1095,Tomkin,2,,FI,248760.9411764706,51
40679,1955,Opaline,2,,PH,339600.0,34
19020,990,Barbi,1,,CN,160480.9756097561,41
13017,1359,Ernestine,1,,ID,15159.466666666667,45
31224,1277,Wilma,1,,BR,340200.0,36
19387,1470,Daloris,2,,HR,325999.1794871795,39
10265,1545,Joelle,2,,PH,812.19512195121956,41
12046,1207,Reggie,2,,SY,3797.3333333333335,45
12237,1546,Georgine,2,,PL,4993.5,44
7290,1199,Bria,3,,CN,1122.1463414634147,41
23056,2022,Addie,1,B4,FR,307526.86956521735,46
23642,1046,Scarlett,2,,BD,415038.9,40
14467,1397,Kariotta,1,,FM,340900.0,34
38955,1334,Duffie,1,3,PT,123.0,40
25762,899,Matteo,2,,PE,300.0,35
9903,1736,Manda,1,,PL,440.19512195121945,41
17567,1089,Natka,2,,NP,88315.783783783787,37
23924,1468,Audie,1,,BR,300.0,35
10805,1290,Gilbertina,2,,ID,1605.3333333333333,45
28085,991,Wiatt,2,,PH,473986.66666666663,51
40941,1089,Thorsten,3,,CN,138.625,40
24220,979,Killy,1,,JP,549913.36585365853,41
44396,715,Humphrey,1,,AR,161.0,48
25842,914,Mycah,1,A3,FR,541493.02325581387,43
10071,1501,Robert,2,,PL,1116.8780487804879,41
9575,1472,Issie,1,,PL,3138.4615384615386,52
29699,1190,Jessee,3,,CN,225174.60000000003,40
38301,1618,Alene,1,,CN,8655.5102040816328,49
30517,1136,Lay,0,,CN,143866.39024390242,41
19299,1271,Denice,1,,CN,303348.30769230769,39
19682,1624,Elmira,2,,CN,198729.0,38
13305,863,Rudolph,2,,ID,7380.6363636363631,44
18404,568,Rahal,2,,IL,340400.0,30
24492,1071,Katusha,1,,CZ,395452.62222222221,45
41359,804,Keely,1,,BR,129.05263157894737,57
14571,1168,Elva,2,IN,US,34447.567567567567,37
18537,1243,Marsha,2,,CN,92326.883720930229,43
35710,1522,Olivia,2,LA,US,12437.357142857141,42
10718,1376,Isac,2,,TH,3166.227272727273,44
41853,636,Daryl,2,,CN,88.952380952380949,42
14846,1137,Timmi,3,,ID,37488.868421052626,38
5283,1207,Hamlin,1,,NG,104.5263157894737,38
13966,1540,Caresa,2,,CN,17335.57894736842,38
14178,1198,Davine,2,,RU,62425.399999999994,40
8381,1641,Kipp,1,,PL,874.66666666666663,45
39715,1266,Jeri,2,,BR,2802.0512820512822,39
13864,1085,Dale,1,,CN,31237.68888888889,45
35788,1379,Jaquenette,2,,CN,340100.0,34
18894,793,Ethelind,1,,CI,86152.5,44
38029,849,Quintina,2,,BR,339500.0,32
12974,630,Sabra,1,QC,CA,7432.6153846153848,39
41574,1504,Chilton,2,,XK,213.29999999999998,40
17618,1100,Elladine,1,,GR,340900.0,36
23438,1303,Claudina,2,,CN,309528.0,41
25809,1773,Rafael,1,,GT,290154.66666666663,45
33878,1432,Marketa,2,NC,US,30679.442307692309,52
10190,1519,York,1,,HN,671.57142857142856,42
9885,1941,Matthaeus,1,,VE,60.452830188679251,53
3939,1121,Farris,2,17,NO,58.390243902439025,41
19570,1406,Morris,2,,CO,108895.29411764706,51
42141,740,Caleb,2,IL,US,20.571428571428569,42
26555,1191,Tierney,2,,ZA,347953.39534883719,43
9410,1243,Karin,1,,PE,614.65909090909088,44
34425,1179,Menard,2,,BF,340100.0,35
21384,1273,Bobbette,1,,HR,300.0,32
19684,1212,Leigha,2,O,SE,186467.85714285716,56
24982,1335,Lindsey,2,11,PT,574629.023255814,43
16958,1268,Delilah,2,,PH,58918.122448979593,49
42186,1501,Onfroi,2,,ID,108.75,48
8438,1254,Janka,1,17,PT,339600.0,34
45206,1221,Skippy,2,,ID,313.5,40
34226,701,Panchito,2,97,FR,40809.600000000006,50
18128,1804,Nola,2,,CN,263724.61538461538,39
14864,1449,Adah,1,,CN,18355.199999999997,40
39327,1103,Abbie,0,,PH,1231.090909090909,55
6126,1379,Venus,2,,CN,522.38095238095241,
41325,1200,Rosemary,1,,ID,166.02272727272725,44
18082,866,Frasier,1,,PH,113611.68,50
34135,1122,Xena,1,B2,FR,16978.090909090912,44
38819,1029,Juline,1,,CN,38.521739130434781,46
11500,1241,Inness,1,,PH,339700.0,35
29309,1571,Papageno,1,,ID,175177.67441860464,43
31100,1906,Annadiane,2,,MA,123911.16279069768,43
7206,1114,Chrysa,2,,ID,257.075,40
11326,938,Kirby,2,,ZW,2021.8378378378379,37
12603,812,Rick,2,,XK,3958.8363636363638,55
33663,776,Christel,1,,ID,90538.1052631579,38
14867,1221,Shellie,1,,CN,66854.833333333343,48
12912,1071,Arvy,2,AB,CA,7054.2222222222226,45
19834,1026,Gino,2,,ID,260453.86666666664,45
41696,1830,Andy,1,,EE,54.428571428571431,42
11961,1054,Ranna,2,B8,FR,339300.0,33
37149,1545,Lennard,2,,IE,5086.6666666666661,45
40273,1374,Kristoffer,1,,BW,981.909090909091,44
16672,1496,Jessee,1,DC,US,55540.363636363632,55
10159,1260,Brita,2,,CZ,6067.2999999999993,40
13055,921,Dianemarie,2,,PL,7071.31914893617,47
30330,1747,Carmelita,1,,VE,170610.0,43
24130,1137,Glori,1,,BR,641886.82926829264,41
37139,1756,Carlyle,1,,RU,15037.333333333334,45
4628,1889,Jermayne,3,,ID,153.17073170731706,41
22092,1187,Carita,1,,ID,471333.947368421,38
32206,1611,Vitia,1,,PH,119235.07317073172,41
12114,1194,Rori,1,A8,FR,11187.473684210525,38
25409,1213,Latrina,2,,CO,554145.7297297297,37
22242,1218,Keith,3,1084,DK,339930.4615384615,52
38274,1113,Esma,2,,PL,3114.0,50
23196,1131,Vito,2,,FI,180072.9411764706,51
31180,1171,Liliane,2,,CN,119729.58139534885,43
37684,1254,Weider,2,,CN,10554.765957446809,47
8982,997,Findlay,2,,BR,339100.0,30
36442,1276,Cody,1,,MD,26539.2,40
20099,953,Adele,2,,TZ,193399.83673469388,49
30747,1253,Thaxter,2,,PH,135259.19999999998,40
11662,1611,Rafe,2,,RU,11640.6,40
34399,1316,Morley,2,,MN,50457.795918367345,49
39870,917,May,2,,CN,37.1764705882353,51
36699,1112,Sharai,1,,CN,10422.857142857143,42
14577,1193,Barbe,1,K,SE,32258.285714285714,49
16727,1356,Shirlene,2,13,PT,114153.0,40
32705,1214,Wolfgang,2,,GL,183716.57142857142,42
24924,1198,Adolphus,2,,CO,800.0,36
18173,1756,Jo,0,,RU,49568.538461538454,52
37356,1131,Willie,1,,CN,2853.1666666666665,48
9638,1591,Luther,2,,RU,5017.727272727273,44
15789,901,Ketty,2,,PY,53550.0,42
9482,868,Phillip,1,,CZ,576.58536585365846,41
33119,1842,Rory,2,AS,ES,41471.027027027027,37
16251,1108,Bartie,1,,CN,32891.076923076922,39
25112,1041,Eolande,1,B9,FR,337066.8571428571,42
47503,1371,Amara,2,,TH,339100.0,33
34415,1530,Brenden,2,,GR,26600.869565217392,46
7726,1100,Enoch,1,,ID,1048.695652173913,46
7035,1035,Diane-marie,1,,TH,345.65999999999997,50
33056,1844,Christopher,1,MO,US,47641.62162162162,37
46452,1059,Philippine,2,,UA,49.108695652173914,46
21249,1196,Marie,2,,BR,222161.84210526315,38
30942,1075,Dolly,2,QC,CA,238405.23076923075,39
33045,1542,Brocky,2,,GE,340600.0,28
18044,1170,Moll,2,,CN,57757.116279069771,43
39034,1200,Erma,2,,ID,10598.823529411764,51
34360,1004,Florian,3,,JP,31107.204545454544,44
9135,1373,Caril,1,,AR,4473.9622641509432,53
14470,1125,Douglass,2,,PH,22796.538461538461,52
10341,1487,Thomasine,2,,CO,339800.0,32
23639,1595,Coral,2,,AR,269627.65909090912,44
26608,629,Decca,2,,RU,455416.0,39
20170,1538,Cherise,2,,ID,109641.50943396226,53
12325,1259,Emalee,1,,PL,3118.8571428571431,42
2221,1243,Caty,1,,TG,55.08,50
32183,1034,Cortie,2,,YE,128108.25,40
33240,1319,Symon,1,,ID,86927.027027027027,37
24377,1258,Britteny,1,IL,US,352523.72093023261,43
34312,1513,Sharron,1,,UA,340400.0,35
6849,1277,Lisha,2,,MG,183.91304347826087,46
44549,711,Stafani,2,,ID,137.48936170212767,47
23287,1203,Wade,2,,CN,382041.0,46
39405,1953,Randee,1,1,PT,2510.2978723404258,47
43801,1417,Matthew,2,Y,SE,1129.7872340425531,47
29885,2050,Drud,2,B8,FR,166653.73333333334,45
19962,2199,Decca,1,,ET,397285.82608695654,46
28686,1225,Tiena,2,,CN,435615.15789473685,38
34033,901,Kerby,2,,CR,40841.955555555556,45
39367,1033,Zebadiah,1,,CN,1952.8666666666666,45
29182,1263,Madella,2,,UA,233402.55319148937,47
32476,1791,Robyn,1,,PL,68131.923076923078,39
11372,1404,Odele,2,,ID,8814.2325581395344,43
13641,1303,Freddy,1,,BY,339200.0,36
36615,1255,Heinrik,1,,CN,16110.71186440678,59
32308,1130,Hedi,1,,TJ,79552.959183673462,49
23552,1003,Tyson,2,,ID,462960.975,40
4614,1136,Marc,1,,NG,340000.0,34
13999,1563,Redford,3,,CN,18005.87755102041,49
20633,1397,Cornie,2,,AR,264508.68292682926,41
36179,1271,Felic,2,,EG,20107.702702702703,37
30513,1016,Genna,1,,CN,128954.60869565218,46
35756,1175,Ethelbert,2,,DO,10539.2,40
34772,1414,Gino,1,,ID,340900.0,36
30853,1072,Hoyt,2,14,PT,125290.02272727274,44
40442,885,Tamara,2,,ID,909.65853658536594,41
25018,771,Palm,1,,PH,296337.18181818182,44
34944,777,Kean,1,,CN,340700.0,35
14212,1010,Hort,2,,PL,33849.230769230766,39
15889,1147,Rickey,1,,CN,340300.0,31
11235,1266,Daven,1,,AR,86.175,40
18671,1223,Verla,2,,CN,340100.0,29
9142,1649,Gwenora,2,,AR,57.567567567567565,37
41848,1210,Allen,2,,PL,2925.405405405405,37
16414,1034,Gabbey,0,,JP,159388.88888888891,45
18346,580,Temple,1,,CZ,195143.36842105264,38
38254,1382,Ive,2,,FI,3326.2978723404253,47
36772,1007,Dew,1,,PH,2275.2162162162163,37
19809,1721,Had,1,,JP,271130.73170731706,41
24395,2025,Rafaello,1,B9,FR,272641.5,40
18363,1490,Penelopa,2,,MN,340800.0,34
28779,899,Tristan,1,,PK,418533.84615384613,52
39625,1852,Herrick,1,VA,US,3537.2142857142862,42
23680,980,Luz,2,,VN,488233.78947368421,38
46701,1059,Astrid,1,,CN,81.0,52
45549,1388,Russell,1,,CN,99.0,52
7996,306,Ernesta,1,,CN,113.41463414634146,41
28799,1634,Luci,1,,PL,346515.63157894736,38
37711,1321,Demetris,1,,CN,339100.0,34
26355,1038,Risa,1,,NG,452584.92307692312,39
16885,1091,Carin,2,A8,FR,32815.125,40
28283,1172,Kaylil,2,,ID,340000.0,35
24803,1197,Devy,2,,PH,310816.80000000005,50
29711,850,Budd,1,,JM,242819.04255319148,47
21102,1152,Seka,2,,RU,400.0,36
15611,1226,Nichols,1,,CD,35836.468085106382,47
12019,1179,Crawford,1,,UZ,3300.0731707317073,41
12503,1757,Lizabeth,2,,RU,2412.1363636363635,44
15670,859,Eda,1,,PH,61794.857142857145,42
30512,1177,Emylee,2,,NG,340900.0,33
30080,1414,Ginni,1,,TH,126262.70270270269,37
14151,1288,Rosalia,2,A8,FR,339700.0,36
11598,1296,Sutton,1,,CN,6661.6216216216226,37
20288,1167,Raoul,0,,CN,200958.07692307694,39
30245,1361,Shaylah,2,,GR,167990.23255813954,43
11762,1015,Dolores,0,,VN,1625.1428571428571,42
36477,1109,Ashton,2,,CN,19920.0,50
5338,1649,Anet,1,,CN,73.26315789473685,38
15098,1425,Torrin,1,T,SE,16787.581395348836,43
12028,1466,Anett,1,,CN,10962.162162162163,37
32392,1300,Sharl,2,,LT,54744.0,40
38875,1200,Misty,2,,PL,340000.0,35
15029,1075,Bertine,2,,ZA,50256.461538461546,39
20980,1212,Corabelle,2,,ID,340300.0,32
9144,955,Otho,1,,CN,121.5,50
13152,1412,Laryssa,2,,PH,6758.1249999999991,48
21370,1266,Timmie,2,MB,CA,387108.31578947371,38
23156,1781,Debi,1,,RU,331865.4,40
12924,1155,Pat,2,,BR,24269.142857142855,42
36061,1096,Bridgette,1,,CN,9178.6829268292677,41
41392,946,Yance,1,,RU,339200.0,35
17529,1682,Sanderson,2,,CN,340300.0,32
15143,1737,Engelbert,1,,EC,39688.888888888891,45
13984,943,Selie,2,CA,US,39391.304347826088,46
44564,999,Sam,2,,CN,17.86046511627907,43
35854,1205,Myrvyn,3,,RU,9037.5576923076915,52
25175,1248,Gibb,3,,BR,332696.53333333333,45
42000,1261,Bondy,1,,VN,339400.0,34
28231,1094,Dottie,2,,KR,321434.04255319148,47
23987,1841,Dody,2,B9,FR,361396.36363636365,44
27884,1037,Poppy,1,PNG,MY,400.0,33
40875,1291,Simonette,1,,CN,491.14285714285717,
41538,1169,Adey,2,D,SE,57.954545454545453,44
30570,964,Remy,1,,CN,216134.75675675675,37
23477,1447,Jillene,2,,RU,364364.80851063831,47
27162,1679,Denney,1,,PL,900.0,35
19869,953,Ollie,2,,FI,340300.0,36
12242,751,Marjy,1,,CN,3579.545454545455,44
31470,999,Reena,1,,CN,340400.0,36
34280,1121,Goldie,1,,CN,81382.829268292684,41
22801,1293,Cherye,1,,ID,318068.33333333331,48
42344,757,Bartolomeo,2,4,NL,47.739130434782609,46
27402,1034,Ronica,1,,PH,200.0,27
40739,1785,Damian,2,,RU,1017.081081081081,37
21293,1363,Bobinette,1,,HR,359589.07692307694,39
18951,1570,Binnie,1,,CN,340900.0,33
23485,1526,Hewie,2,,ID,625855.6,40
12380,1200,Cacilie,2,,LA,4383.2558139534885,43
28473,1296,Tamas,1,,SI,158620.81395348837,43
13297,1161,Farrand,1,,SV,19371.857142857145,49
10266,1269,Verina,2,GRO,MX,339300.0,34
24470,1533,Lothaire,2,,PH,645675.06976744183,43
39551,1733,Goldie,1,,PH,340000.0,35
25133,1756,Lothario,2,,CZ,240933.76744186049,43
18922,1595,Nickie,1,NY,US,95398.977272727279,44
7611,1911,Linus,1,,BR,339900.0,35
32838,727,Noah,1,A8,FR,143019.30000000002,40
20220,1172,Janie,2,,ML,207658.53658536586,41
11814,1424,Erwin,1,,ID,339700.0,31
43207,1035,Gherardo,2,,PH,265.85106382978722,47
32232,1412,Clementina,2,,BR,83715.818181818177,44
32697,1298,Marjy,2,,KR,135651.28205128203,39
35098,1885,Niven,1,,CN,5470.8837209302319,43
35135,675,Dixie,1,,RU,31934.860465116282,43
42046,1524,Renaud,1,,PH,203.72549019607843,51
23580,1418,Waverly,1,,ET,410651.36363636365,44
29282,1542,Nonah,2,,IL,239850.0,41
19698,895,Tammara,2,,CN,109218.94736842104,38
20018,1252,Clayborne,2,,CN,139514.55319148937,47
28754,709,Gabi,2,,AR,160232.55319148937,47
12691,1225,Leelah,2,,PH,14063.304347826086,46
28100,1152,Irina,2,,CO,385117.52380952379,42
13869,924,Ozzie,2,,BA,340300.0,35
38393,797,Aviva,1,,RU,478.04878048780489,41
26120,1354,Lay,2,10,PT,443577.30232558138,43
27749,1513,Sonni,1,,BR,900.0,28
35300,664,Jonie,2,,PH,81119.368421052641,38
40777,1179,Dimitry,1,,RU,339800.0,36
35787,1366,Wilie,2,,RU,17662.723404255317,47
31886,683,Dill,2,,BR,177320.0,44
37538,1190,Margi,2,CN,ES,9639.6585365853643,41
37767,1186,Sigfried,1,,CN,15611.372549019608,
39036,1196,Maureen,1,,CL,339600.0,33
34152,1215,Sioux,1,B8,FR,17217.558139534885,43
11750,1221,Fonz,1,GRO,MX,8072.8723404255325,47
26707,1146,Lucio,1,,CZ,312758.66666666663,42
3363,1359,Benjamen,3,,CZ,85.304347826086939,46
11887,1431,Drona,1,,HN,339200.0,
1956,1301,Hobie,1,,NG,82.530612244897966,49
20463,709,Gelya,2,,MG,225528.34782608695,46
11479,789,Carr,2,,CN,769.13043478260875,46
37527,1681,Lisbeth,2,,ET,21248.0,38
31237,1495,Maxie,2,,AF,235254.27450980392,51
43265,1297,Cathryn,2,,MN,339400.0,33
25521,1028,Korella,2,,ID,600.0,36
38048,1179,Karen,2,,BR,339300.0,34
6064,1011,Tedie,3,,BR,31.56818181818182,44
10457,1531,Ferd,2,,PL,3588.4883720930229,43
26320,1403,Elle,1,,PL,0.0,35
14820,953,Tori,2,,CO,14231.066666666666,45
25550,1092,Bryanty,2,,ID,340900.0,36
31147,1280,Angus,1,,MT,340800.0,33
31134,1027,Standford,1,,BR,128673.64102564102,39
33596,1236,Cecily,2,,CN,106386.58536585365,41
31374,1445,Ninetta,3,,TH,128454.0,50
7400,1213,Jordan,2,,VE,111.34883720930233,43
29822,1141,Malanie,1,,CN,340800.0,29
43973,1362,Sigvard,1,,CO,210.29999999999998,40
32106,651,Ernesto,1,13,PT,137886.66666666666,45
29735,1235,Chevy,1,,BJ,295347.61904761905,42
23702,1103,Karita,1,,CZ,397163.04761904763,42
597,1377,Zacharia,1,,CL,21.279069767441861,43
32036,1576,Daryn,2,,CO,137660.08695652173,46
17590,1034,Noreen,2,,PE,237547.82608695651,46
21232,748,Dunn,2,,PE,272940.0,39
24555,1071,Augusta,1,TX,US,567202.44444444438,36
29493,1252,Barn,1,,SO,340500.0,34
10974,1095,Eleonore,1,,CN,2616.5853658536589,41
19564,1041,Breena,1,15,PT,90792.0,50
25566,924,Marlie,1,,BR,600.0,
36389,1375,Tamas,1,D,SE,340400.0,35
15763,442,Dionis,2,,CN,340700.0,35
8336,1527,Giselle,2,,BR,196.46666666666667,45
9134,1173,Brynne,1,,CL,339700.0,27
46655,1295,Tandy,1,,ID,63.89473684210526,38
31112,1293,Berton,2,,CN,142114.86486486485,37
10025,880,Merrile,2,,PL,339200.0,33
6939,1025,Fran,1,,CN,89.853658536585371,41
16310,1258,Alwin,1,,CN,129183.41463414633,41
28672,1084,Pryce,2,,BR,405377.56097560975,41
20956,844,Ariella,0,,CL,340900.0,36
30504,1967,Melony,1,,CN,209346.0,42
18271,1314,Thatch,2,,CN,72887.692307692312,39
38960,1256,Nikkie,1,,GT,2148.3243243243242,37
13535,1697,Mahalia,2,MD,ES,9080.4878048780483,41
17614,1271,Madelaine,1,GA,US,340600.0,28
46623,895,Corilla,1,2,PT,123.41463414634147,41
19927,993,Valina,1,,PL,328448.8421052632,38
28669,1420,Arturo,1,,CO,344887.68292682926,41
39032,1519,Rik,2,,ID,719.44186046511629,43
7341,1369,Bessy,1,,CN,134.41860465116281,43
33336,884,Langston,1,,BR,44611.875,48
10600,1158,Olly,2,,TZ,421.38,50
29283,1909,Pat,1,,ID,310285.51111111109,45
22347,1004,Toinette,2,,ID,247019.02222222224,45
41718,1018,Wendell,2,,RU,573.40540540540542,37
14074,1734,Ty,1,,BR,339800.0,27
16766,1345,Silvio,2,,IQ,47784.816326530614,49
35640,1406,Donica,2,B5,FR,18815.94,50
41213,1613,Joleen,1,,ID,1163.1176470588234,51
8867,1619,Claire,2,,CN,659.34000000000015,50
32544,1260,Nance,1,A8,FR,113081.0731707317,41
4873,1164,Aksel,2,,CO,148.0,42
33690,804,Obadiah,1,,AR,340400.0,35
24655,839,Kristos,2,,VN,200.0,33
34028,745,Gladi,1,,ID,340500.0,36
44125,913,Erinn,1,,HR,101.14285714285714,42
12843,1678,Dahlia,2,,CN,340200.0,28
30348,1446,Merrie,2,,ET,91518.769230769234,39
22660,1216,Burton,1,OAX,MX,138009.51219512196,41
21107,615,Cedric,1,,CN,249489.58333333334,48
9836,1410,Edy,2,,CN,1731.0243902439024,41
27873,1228,Nobe,1,,CN,499375.38461538462,39
28389,1403,Julieta,0,,ID,404365.09090909094,44
35447,1647,Bank,1,,BR,42669.306122448979,49
7540,1156,Mickie,2,VER,MX,270.85714285714283,42
29403,1063,Gisela,2,19,NO,131726.93333333332,45
3942,1038,Owen,1,,GA,60.473684210526315,38
25196,815,Miran,2,15,PT,386509.57894736843,38
12163,1499,Filippo,2,,AL,8860.8627450980384,51
22454,1312,Winifred,3,,AZ,266952.73469387752,49
13295,936,Wayne,1,,PH,6645.7317073170725,41
39373,1577,Raynor,2,K,SE,467.92682926829264,41
15272,1074,Meredithe,2,,JP,30660.0,48
29476,1326,Ebba,2,B8,FR,350729.28947368421,38
33490,1757,Lesley,1,,CN,76932.631578947359,38
35657,984,Pennie,1,,UA,32767.466666666667,45
40583,1582,Pebrook,1,,PE,1605.2666666666669,45
40924,796,Jarrid,2,AB,CA,35.793103448275865,58
16666,770,Ambrose,1,DC,US,70778.046511627908,43
25508,1301,Arlen,2,,GR,543268.46511627908,43
23163,1112,Aguste,0,,XK,402741.42857142852,42
40882,1058,Casandra,1,,KI,4206.086956521739,46
3194,774,Mikel,2,,CN,156.07894736842104,38
41404,1202,El,1,,KR,956.19999999999993,40
33548,1269,Daffy,2,,BY,84520.421052631573,38
26641,900,Rip,1,,CN,575705.02564102563,39
17159,1398,Donnie,1,,ID,340000.0,33
12416,900,Douglas,2,,ID,16021.8,40
30697,1219,Tallie,1,,BR,220607.19999999998,40
9988,1145,Blythe,2,,AR,5869.9487179487178,39
38233,1012,Carolyn,2,,ID,677.860465116279,43
24783,1319,Adore,1,,ID,282397.5,48
37895,1210,Axel,1,NY,US,15584.594594594595,37
29287,1048,Mill,2,,CN,186007.59183673467,49
35089,1048,Henka,1,,RU,29722.448979591838,49
7008,808,Noelani,1,,PH,339300.0,33
38086,1603,Doralia,2,,NE,5810.282608695652,46
16296,1252,Agatha,2,11,NL,50587.777777777781,54
22518,1495,Hercule,2,,MA,401155.918367347,49
11499,1150,Cecilia,2,,CN,19217.297297297297,37
5486,1356,Eliot,1,,PL,27.414634146341463,41
10037,609,Silvie,1,B3,FR,982.43478260869551,46
13029,1202,Brenn,2,,BR,11663.461538461539,39
29388,1110,Terrance,1,,ID,175725.0,56
16185,1254,Kendal,2,,PH,35024.0,43
44049,1238,Emmott,1,,NG,69.512195121951223,41
25868,1325,Ellissa,0,Z,SE,375298.66666666669,45
15973,1514,Honoria,2,,RU,340600.0,32
22455,1424,Laurel,1,,SI,598128.0,40
34134,1742,Ximenez,1,,CN,62671.714285714283,42
28561,1128,Rafe,1,,PS,478436.8421052632,38
25750,1476,Kendal,1,,JP,426748.63636363635,44
43067,1502,Yasmeen,2,,RU,339600.0,25
19246,1286,Palm,1,,CN,83972.461538461546,39
14617,1328,Kienan,2,,UA,56782.340425531918,47
25758,664,Tammie,2,,NG,520704.0,42
16720,1111,Mallissa,1,,BR,67562.0,54
20152,1294,Mercedes,2,,CR,177894.1276595745,47
18698,1201,Ronda,1,,CN,137639.07692307691,39
10692,1050,Powell,1,,PH,339200.0,32
26241,1134,Garland,1,,HT,600.0,35
23030,1567,Merilyn,2,,BY,410645.45454545453,44
17166,1316,Josee,1,E,SE,121512.0,38
47882,985,Colette,1,,NZ,60.285714285714285,42
37241,1616,Fionna,1,,CN,8035.5555555555557,45
43698,1444,Bryanty,1,,CN,339100.0,31
6890,1355,Clarance,2,,RU,339800.0,35
16170,1298,Tyson,1,,LV,30783.214285714283,42
32298,1207,Alexis,2,,RU,135221.76,50
18040,369,Stanfield,2,,CN,93140.571428571435,42
40424,1287,Lorne,2,,CI,335.83333333333337,48
14424,1083,Merle,1,NC,US,15860.425531914894,47
19337,1007,Iolanthe,2,,CN,158270.04545454544,44
20138,1368,Christiane,1,,RU,340400.0,35
